-3.596168748094662193e-02,5.275316088087628311e-05,6.856792898797142710e-02
-2.780794920602936565e-02,4.490784615798115487e-05,1.184230665387391440e-01
-6.047861101690285568e-02,6.057688246103613356e-05,8.462630626253792032e-02
-1.055550424024333522e-01,8.931619298764100119e-05,1.679926072402506687e-01
-1.490599420706796574e-01,1.803969178053146981e-04,1.365644827238385595e-01
-2.173457810804916845e-01,3.206522373989391492e-04,2.081743669123105600e-01
-5.522611391221379229e-01,2.852876703756501275e-04,3.394757223084431952e-01
-7.390588585516365550e-01,2.160866760721044590e-04,4.778406502447329895e-01
-9.107926161011230537e-01,2.634856893376470656e-04,7.145781011421756812e-01
-1.199954862634619701e+00,4.452329457167778339e-04,9.810883048800486117e-01
