-3.586433351738500114e-02,7.315340597050499789e-05,7.516462707667399823e-02
-3.235731429494499711e-02,7.075143626859800334e-05,8.359051813552199894e-02
-5.377608191359099787e-02,8.415625817230399546e-05,8.395799731118899767e-02
-1.028336749161000013e-01,1.343035702805399996e-04,1.942281631121600127e-01
-1.435444069832199909e-01,2.202731567977699956e-04,1.639847560263799908e-01
-2.167946363760299977e-01,2.887731070410600245e-04,2.569772032898799963e-01
-5.864349635904200220e-01,5.846013312604099671e-04,4.810978464877699867e-01
-8.101443757570000459e-01,6.583493492664199524e-04,6.549406288383200492e-01
-1.003222084251399915e+00,6.674815078939699787e-04,8.413268561335299767e-01
-1.312745536823300085e+00,6.567377663826600353e-04,1.082486562386000051e+00
