x1,x2,x3,x4,x5,x6,x7,current_predicted,emittance_predicted,envelope_predicted,current_scaled,emittance_scaled,envelope_scaled
8.054752713388726448e+00,1.084317307619768300e+01,7.026315018036224380e-01,1.736433363764511073e+00,1.778700055477128785e+02,2.103933620560406226e+00,6.007004753711758838e+01,-3.596168748094662193e-02,5.275316088087628311e-05,6.856792898797142710e-02,8.984533210692399186e-01,-6.684645377292963708e-02,-6.875576577310585358e-02
8.728050156026480266e+00,1.081899168696247848e+01,7.026315018036224380e-01,1.671312427718346205e+00,1.778813986208114670e+02,2.094669935360760959e+00,6.008939444661113072e+01,-3.601442697431869733e-02,5.203925133528513854e-05,6.917304180518936418e-02,8.983992664706680342e-01,-7.212594363756878735e-02,-6.577375217489694892e-02
9.401347598664237637e+00,1.079481029772727396e+01,7.026315018036224380e-01,1.606191491672181115e+00,1.778927916939100271e+02,2.085406250161115693e+00,6.010874135610467306e+01,-3.607670934980207467e-02,5.143071879046422928e-05,7.063307123983178504e-02,8.983354310299082046e-01,-7.668365043890150445e-02,-5.868475420344367033e-02
1.029013378697200487e+01,1.109841612225760699e+01,7.043652391638035581e-01,1.594059666161338873e+00,1.721839860730746352e+02,2.072859617614068117e+00,6.015908130377276564e+01,-3.340372567995500419e-02,5.095183643783672512e-05,7.435590663300020720e-02,9.010750678755528043e-01,-8.030839933370717554e-02,-4.125192285900299710e-02
1.094203540354332560e+01,1.115718130296611577e+01,7.026036025481120495e-01,1.621117042586004642e+00,1.674667449556107783e+02,2.051413127442569539e+00,6.021864178107716725e+01,-3.243073227694506094e-02,4.973530074124374783e-05,7.690979133830469494e-02,9.020723237164789410e-01,-8.967202166598016444e-02,-2.979057443976552283e-02
1.142248590447686318e+01,1.103804752730556515e+01,7.033103483735198003e-01,1.536754961836856337e+00,1.675024928990051762e+02,2.051413127442569539e+00,6.021866684055282093e+01,-3.333204098045316338e-02,4.929520112430402776e-05,7.907390450066625887e-02,9.011485400954692970e-01,-9.311597104920486812e-02,-2.037249734738679277e-02
1.198027772072591901e+01,1.134087242574454280e+01,7.025508730586841333e-01,1.526294673688918024e+00,1.668620618884451687e+02,2.074782728797367248e+00,6.022271982283519520e+01,-3.092787098678586796e-02,4.842272219694054050e-05,8.100333430123775325e-02,9.036126601617998633e-01,-1.000353027210248991e-01,-1.219059968548513208e-02
1.279730207053541235e+01,1.123473276858064018e+01,7.027318621425355794e-01,1.549258592081477648e+00,1.625596564445605452e+02,2.064699934770338974e+00,6.023445885949499257e+01,-3.130036364162363388e-02,4.771909774031637112e-05,8.335690442100068820e-02,9.032308790781975461e-01,-1.057069371684810077e-01,-2.469986125651824852e-03
1.279490885333601113e+01,1.130715275453958490e+01,7.028105827024306862e-01,1.430500365207096669e+00,1.649759840580103685e+02,2.063633318085779766e+00,6.022940162462563762e+01,-3.066932667525473777e-02,4.686835709573363128e-05,8.669438174625089533e-02,9.038776515009138146e-01,-1.126771693330789886e-01,1.085380413075570823e-02
1.284678603032766731e+01,1.132596740943712454e+01,7.029722700220155662e-01,1.299278393152074385e+00,1.658082679827663242e+02,2.064574316376523111e+00,6.022917113655824295e+01,-3.034833643592961538e-02,4.611593310074650566e-05,9.415425857322558267e-02,9.042066459114175281e-01,-1.189481350461608078e-01,3.886918438534022607e-02
1.292280688291560153e+01,1.140850438125264255e+01,7.032738414213142164e-01,1.013376764913755279e+00,1.566859679423473040e+02,2.065185851299219166e+00,6.007080820630187645e+01,-2.780794920602936565e-02,4.490784615798115487e-05,1.184230665387391440e-01,9.068103799094026085e-01,-1.292339976749775077e-01,1.167019860510131457e-01
8.316117617604575685e+00,1.003488836234670600e+01,7.635590806767250660e-01,1.630276687500463062e+00,1.796569732613115207e+02,3.933404032742356726e+00,6.019020193979612543e+01,-1.128017567586829112e-01,1.216411322533768389e-04,9.231625270520672777e-02,8.196971777415051896e-01,2.568687718201251857e-01,3.217828636536636949e-02
8.570001558170627476e+00,1.002167900926051480e+01,7.662299900262315999e-01,1.519515243784908209e+00,1.798408002549763864e+02,3.955071315936270704e+00,6.027007788746524142e+01,-1.159569330018554861e-01,1.298079512698283023e-04,9.448815309480411428e-02,8.164633244307617499e-01,2.820471379662697342e-01,4.007062973304785503e-02
8.206825146177575192e+00,1.002705917303649841e+01,7.782859006673532587e-01,1.590689249090620372e+00,1.777206853964132733e+02,3.959963829361818455e+00,6.014978242594474267e+01,-1.191424421304468628e-01,1.358830066924973320e-04,9.784388616784781001e-02,8.131983818576836720e-01,2.997694778790379599e-01,5.191504048609296706e-02
8.524999641072566803e+00,1.005055670925287892e+01,7.582172619777119982e-01,1.675147277739274188e+00,1.795287428934006755e+02,3.948871904288401957e+00,6.025073968184863560e+01,-1.111722753539980679e-01,1.173534436611706536e-04,9.241639360994551022e-02,8.213672916841850968e-01,2.429643260625374279e-01,3.254624713185141210e-02
8.706211573723392050e+00,1.013520649534557627e+01,7.246394045047460652e-01,1.705174538053644273e+00,1.790859812983296990e+02,3.975441808865991522e+00,6.042799182611354070e+01,-9.769372149214279599e-02,9.311838778642215337e-05,8.493248594614009883e-02,8.351819450255041355e-01,1.533345227913465170e-01,3.885231768002100558e-03
8.061020273792607327e+00,1.004968761926832066e+01,7.038163928014372628e-01,1.840140555281790657e+00,1.792291483945813866e+02,3.945472892193896186e+00,6.022271982283519520e+01,-9.230794698404651277e-02,7.850628186576527623e-05,8.005709348286992044e-02,8.407020185116089728e-01,8.719551582746297436e-02,-1.617856562241447652e-02
8.354319086040520759e+00,1.028673600355404005e+01,7.038163928014372628e-01,1.861247815357434998e+00,1.774072731471020745e+02,3.918825924282187678e+00,6.022271982283519520e+01,-8.284191213900510276e-02,7.335975526296256309e-05,8.098347618751380872e-02,8.504040971797943715e-01,6.092359734694711287e-02,-1.227381283398392559e-02
9.251472655712298376e+00,1.064796552281288733e+01,7.029791989125603324e-01,1.784222345038345647e+00,1.768052844606833105e+02,3.965141417558356807e+00,6.023087772337295576e+01,-7.463275051335897803e-02,6.866924464977517263e-05,7.915572673645708546e-02,8.588179614002063866e-01,3.532165313704277443e-02,-2.002148921523864283e-02
9.846653996239705720e+00,1.083323036285823981e+01,7.030846578914162759e-01,1.924300890415479914e+00,1.724561627555564769e+02,3.969850754369656176e+00,6.022261776791087584e+01,-6.866992102065991310e-02,6.502569041093421507e-05,8.689049546993124484e-02,8.649294792395313403e-01,1.419699313928955882e-02,1.162068851975002481e-02
8.944768398228049477e+00,1.096915449948729027e+01,7.033593894495696608e-01,1.953357049773035037e+00,1.658082679827663242e+02,3.968949190786149828e+00,6.077988519421839442e+01,-6.401383300389586195e-02,6.247912707624158810e-05,9.532138783051884168e-02,8.697016708661344797e-01,-1.282528429132503197e-03,4.305042022812425456e-02
8.971305291023726980e+00,1.096045683044632568e+01,7.034205529693883241e-01,1.917435620464119417e+00,1.631837337142537478e+02,3.957598923757231102e+00,6.007080820630187645e+01,-6.047861101690285568e-02,6.057688246103613356e-05,8.462630626253792032e-02,8.733250466923149213e-01,-1.326289268245891238e-02,2.659514962286275378e-03
1.293877651753270186e+01,1.150663167840260748e+01,7.027441251017703117e-01,1.843081130836716097e+00,1.700320349856910127e+02,3.957598923757231102e+00,6.007080820630187645e+01,-5.521596250612217927e-02,5.759852484805567501e-05,8.860384770087914585e-02,8.787189239271265828e-01,-3.279790108915098257e-02,1.824790175308733942e-02
8.573854608398310262e+00,1.004834235757777527e+01,8.316104260823012906e-01,1.573782991916253815e+00,1.798716637446082984e+02,3.969380072242886026e+00,6.027467362600454237e+01,-1.465090722003943025e-01,1.800346092375066937e-04,1.286216496953748178e-01,7.851493410324387190e-01,4.087869927634985023e-01,1.447398406976088403e-01
1.288672623287645003e+01,1.004954678533815304e+01,8.555398690719446808e-01,1.506566267407405180e+00,1.780939875661455574e+02,3.968418786287102762e+00,6.023917290741335506e+01,-1.570478597436077706e-01,2.370070117702214782e-04,1.376270145311964122e-01,7.743477596432565280e-01,5.153191699218045985e-01,1.677073119503721121e-01
1.269813715138996990e+01,1.004606756554038327e+01,8.679817016017116194e-01,1.508228149113822969e+00,1.778957944717193413e+02,3.939288682785919260e+00,6.047088747861037916e+01,-1.636835665479177138e-01,2.471791701748840987e-04,1.493850872649888084e-01,7.675465857105245870e-01,5.316022485692145638e-01,1.955308710903755076e-01
1.295872832944528596e+01,1.004324994079934008e+01,8.845440855588222462e-01,1.485020439415620341e+00,1.791304677193902819e+02,3.974097420555213311e+00,6.063357341532628908e+01,-1.784373942235495392e-01,2.668465829817403016e-04,1.616282734056558312e-01,7.524248584922043070e-01,5.612673821181354272e-01,2.222654595768240038e-01
8.733132920393465781e+00,1.006068110244746272e+01,8.327319180125565268e-01,1.633395360157293474e+00,1.796685478397203610e+02,3.969686278281706393e+00,6.064647796612670305e+01,-1.490599420706796574e-01,1.803969178053146981e-04,1.365644827238385595e-01,7.825348630003008399e-01,4.095659755641730682e-01,1.650769001530628388e-01
1.297434167646996350e+01,1.007160946074675678e+01,7.151421861898784593e-01,1.454236136606962715e+00,1.798513220560817842e+02,3.982027784772272927e+00,6.773952627179963315e+01,-1.374650868754874744e-01,1.243601799523117953e-04,2.412786421660292613e-01,7.944188460081280656e-01,2.654345925176735954e-01,3.582446385037306724e-01
8.288639940117191074e+00,1.027065201218083423e+01,7.125928673739800878e-01,1.895354206146149689e+00,1.795099968899264411e+02,3.966371853388246382e+00,6.839840994826246856e+01,-1.326414901824661818e-01,1.132008940474832907e-04,2.838784793973670451e-01,7.993627232857197784e-01,2.290051305132808079e-01,4.134279296684579275e-01
8.096832905711478290e+00,1.009560326885037185e+01,7.047210375267323190e-01,1.711662712816641729e+00,1.763789179880853908e+02,3.934705877570416011e+00,6.650472215285441280e+01,-1.190010462610825853e-01,1.009717190977405611e-04,1.981803518833718802e-01,8.133433035561968838e-01,1.847077783717252231e-01,2.914604768100558796e-01
9.148829007639148969e+00,1.022146500194764229e+01,7.048844221146516320e-01,1.953357049773035037e+00,1.763742883626568698e+02,3.981173849417966704e+00,6.448271300618351631e+01,-1.055550424024333522e-01,8.931619298764100119e-05,1.679926072402506687e-01,8.271245952316310657e-01,1.371811958543009136e-01,2.353731394741419014e-01
9.675102791389999624e+00,1.031780546133921739e+01,7.035018721178558643e-01,1.796521320573520653e+00,1.779339035332249352e+02,3.980826873568618751e+00,6.386595279210948917e+01,-9.932220099237357158e-02,8.592493288156682148e-05,1.410211497679577097e-01,8.335128579706384544e-01,1.221825800908586251e-01,1.759758370561830265e-01
8.188280240372677099e+00,1.024751492336750935e+01,7.034023678796403889e-01,1.936942414592798256e+00,1.790316312978359861e+02,3.980727575958838305e+00,6.211904099613104790e+01,-9.459638763750034818e-02,7.790296313009615779e-05,1.126165997927498358e-01,8.383565135973826132e-01,8.420629199092433126e-02,9.963917946427024164e-02
1.286894270245695360e+01,1.002461038988748676e+01,9.246981896877904950e-01,1.662273498631674062e+00,1.791612837525630937e+02,3.964095418450695352e+00,6.012047699063436568e+01,-1.989763441403783473e-01,3.028638267953730548e-04,1.864837071039874838e-01,7.313737519711485113e-01,6.103251531485035519e-01,2.708139402820370911e-01
1.279036818781324136e+01,1.003040918691996808e+01,9.540026897865621081e-01,1.454394771624872407e+00,1.777076242893188578e+02,3.957187175147003355e+00,6.042750101802192830e+01,-2.173457810804916845e-01,3.206522373989391492e-04,2.081743669123105600e-01,7.125462571223831754e-01,6.324397617059619447e-01,3.081581475234834722e-01
1.267589243450747283e+01,1.002407321170945131e+01,9.867663730095747043e-01,1.645693430815508229e+00,1.791473450616611558e+02,3.962145147481784146e+00,6.040967254019280119e+01,-2.421262620359970752e-01,3.392081006592414898e-04,2.348828846468338227e-01,6.871478532921116988e-01,6.542377063596255260e-01,3.491266839956385648e-01
8.488796456069920282e+00,1.003009138034393288e+01,1.103056931007244446e+00,1.934894934851541626e+00,1.790433219697245022e+02,3.916184381600190889e+00,6.006244114730254324e+01,-3.147465119498308872e-01,2.771025290318061460e-04,2.674895529742603029e-01,6.127167541992986077e-01,5.758804303243235667e-01,3.932456375424801531e-01
8.115115437046572566e+00,1.022096692420581654e+01,1.073861430281090490e+00,1.886010264566515993e+00,1.798569292849761041e+02,3.976425410054289511e+00,6.078068582550466203e+01,-2.943463737810355085e-01,2.702673096186319814e-04,2.826665380228451929e-01,6.336255875804880366e-01,5.662028660895177534e-01,4.119758800291072887e-01
1.297635671759232245e+01,1.002108668012966142e+01,1.498649462508419905e+00,1.005347009655539470e+00,1.797528733445012961e+02,3.978615789030865102e+00,6.005962474652347538e+01,-6.812350586471069835e-01,2.028313373196628669e-04,3.958439331662802485e-01,2.370894964031276531e-01,4.549837713338180101e-01,5.262673907196766532e-01
1.268783513824282672e+01,1.012158119477898666e+01,7.295984519120111145e-01,1.023087700493872099e+00,1.790682597008123480e+02,3.982235055232909104e+00,7.529503487222359581e+01,-2.108072351231401464e-01,1.655684388176390973e-04,4.171685181065707959e-01,7.192478474178172210e-01,3.763304890884330844e-01,5.440754513679796345e-01
1.268777754726083984e+01,1.023085847520839842e+01,7.049529259290493455e-01,1.013247878389441192e+00,1.797399858801081507e+02,3.981866651872766116e+00,7.537065206468180634e+01,-1.879258658622935396e-01,1.402229993904537076e-04,3.696654059651126589e-01,7.426997835493244215e-01,3.119515399075478146e-01,5.030454927051422054e-01
1.239352519050363988e+01,1.060884452083363527e+01,7.025306400865248824e-01,1.014597127198695992e+00,1.627812830050793593e+02,3.970123996139384825e+00,7.500114138964288202e+01,-1.582941260990370080e-01,1.230666230294060511e-04,3.581283733410715597e-01,7.730704165508400783e-01,2.613831036684984288e-01,4.922844147815685356e-01
1.293877651753270186e+01,1.090689530812955610e+01,7.055629645316459087e-01,1.103124585424080983e+00,1.505439182314675861e+02,3.967131403977716797e+00,7.485780347760065467e+01,-1.427666168435267613e-01,1.139076093704189443e-04,3.895188232287522534e-01,7.889851177730579090e-01,2.314166146218200326e-01,5.208004951312005248e-01
8.089634802844388517e+00,1.004744484098976542e+01,1.076941748333873905e+00,1.580735806525446652e+00,1.790645947793371136e+02,3.965008342910467665e+00,6.006438079232543004e+01,-2.989475854533816812e-01,2.944716901181756931e-04,2.668153733078497125e-01,6.289096406877444645e-01,5.994369885698094258e-01,3.923891514505424283e-01
1.119361200281361945e+01,1.008333951479658452e+01,1.178729560011535726e+00,1.978991625710845303e+00,1.786750294460148893e+02,3.937228160696083723e+00,6.019068596142405880e+01,-3.700292900015286213e-01,3.361022278394388998e-04,2.861774354293419864e-01,5.560554519292817410e-01,6.506735624733634982e-01,4.161653984602177170e-01
1.263419039665166821e+01,1.003003537300240744e+01,1.270349381324420435e+00,1.788064933919951915e+00,1.798489641983402407e+02,3.913918248633032615e+00,6.008053123253423422e+01,-4.474344995827767568e-01,3.494642641911589265e-04,3.162854322926625383e-01,4.767200760323677122e-01,6.657795791100766802e-01,4.501159731915745366e-01
1.297215601782518313e+01,1.002187589738420570e+01,1.374423865699742064e+00,1.024109242623652216e+00,1.798306944803824194e+02,3.980004406439727305e+00,6.008064559198069077e+01,-5.522611391221379229e-01,2.852876703756501275e-04,3.394757223084431952e-01,3.692794929391047254e-01,5.871599601606539709e-01,4.741305671783977993e-01
1.297625852921896339e+01,1.002377594503828107e+01,7.983956833727486879e-01,1.079609084056040835e+00,1.364229443029981041e+02,3.917007783136211785e+00,7.543373914374851097e+01,-2.295015280627010490e-01,1.862147601946541363e-04,5.193204116486401789e-01,7.000873960023302756e-01,4.218648114799200544e-01,6.184130963645366741e-01
1.268808958455707092e+01,1.012154329762189953e+01,7.296208513613735569e-01,1.023398250079518235e+00,1.790803297376710361e+02,3.981899348562963681e+00,7.529503487222359581e+01,-2.108128259915286462e-01,1.655979664877489568e-04,4.173250784212953479e-01,7.192421171362561871e-01,3.763995853892804222e-01,5.442027994168519012e-01
1.267589243450747283e+01,1.002879823459585751e+01,1.290536963945162929e+00,1.645693430815508229e+00,1.790828903833340178e+02,3.979830305085213293e+00,6.006438079232543004e+01,-4.729413353551534249e-01,3.446086023530102894e-04,3.288240037715782771e-01,4.505772050952598362e-01,6.603580431551318020e-01,4.633107781746478859e-01
1.297361678861147460e+01,1.002119393059142283e+01,1.374259332456950089e+00,1.028288399785572294e+00,1.798218941448321857e+02,3.976952062397302257e+00,6.020121544406040215e+01,-5.545287081453734723e-01,2.867000958394014948e-04,3.438519733564175951e-01,3.669553801073738852e-01,5.890735619630396158e-01,4.784777985514246934e-01
1.297408477898713386e+01,1.002403249846233280e+01,1.436348318989317585e+00,1.009319048450475709e+00,1.798526295319356620e+02,3.982293694395977024e+00,6.032258172433594723e+01,-6.211920313294184703e-01,2.451466666020735217e-04,3.896766897176302535e-01,2.986297489004414718e-01,5.284029627025703668e-01,5.209380186974763571e-01
1.297489621672034410e+01,1.002138556591376251e+01,1.498693790024608008e+00,1.008302388895215174e+00,1.798245236336467769e+02,3.977946097530636660e+00,6.101711833243478367e+01,-7.088161795072293048e-01,2.088041997099263189e-04,4.342423231490873392e-01,2.088206162730478488e-01,4.662290965612163052e-01,5.576893647129034237e-01
1.297419166631077658e+01,1.002167478894831731e+01,1.498633956038547765e+00,1.005089314487247698e+00,1.797322876898308266e+02,3.979608990431300342e+00,6.180865366545169337e+01,-7.320533157886037756e-01,2.139643865366142668e-04,4.672375817334856740e-01,1.850040417605065268e-01,4.756883350374352393e-01,5.825449014538480741e-01
1.297622293973906693e+01,1.002117332434705688e+01,1.498593752572870308e+00,1.004419885659088463e+00,1.797399858801081507e+02,3.978972259520325849e+00,6.005958662670798986e+01,-6.811842552304984144e-01,2.028313612458947394e-04,3.958383498523923016e-01,2.371415666471758388e-01,4.549838170406501625e-01,5.262626035950798142e-01
1.297624046742923731e+01,1.002112396909787861e+01,1.498616253279948962e+00,1.004638715108952196e+00,1.797399858801081507e+02,3.978465905147362758e+00,6.005958662670798986e+01,-6.811171710027956738e-01,2.028361605476116031e-04,3.958330372141328768e-01,2.372103236785222391e-01,4.549929851483143772e-01,5.262580484846515194e-01
1.297333163019928648e+01,1.002491197142071755e+01,1.498671820026602486e+00,1.009401933942053242e+00,1.798565449057463752e+02,3.980774096261000317e+00,6.065896045146659077e+01,-6.984486415063145825e-01,2.068290522863932678e-04,4.198649106839834055e-01,2.194466778634470427e-01,4.625464131055350148e-01,5.462620820389249010e-01
1.296314910666158937e+01,1.002293616620196026e+01,1.498529993401519489e+00,1.013231713608252482e+00,1.797009647696271202e+02,3.977190400528775704e+00,6.271561665310436240e+01,-7.584702651175029287e-01,2.212277209685166327e-04,5.070399459649078677e-01,1.579283627926962585e-01,4.886233593869823699e-01,6.102909781575287518e-01
1.297600019232369029e+01,1.002281060142120950e+01,1.498582111500635250e+00,1.005280437007603167e+00,1.797916947313447338e+02,3.979210617460479327e+00,6.520088558779089283e+01,-8.375368182118384519e-01,2.412078246303057277e-04,6.169424289077162227e-01,7.689021633527702571e-02,5.221267592743273900e-01,6.768752197651559666e-01
1.297432064735755652e+01,1.002150663086112026e+01,1.498608300162568074e+00,1.004820860572690711e+00,1.797399858801081507e+02,3.979430755186570856e+00,6.370717140106194876e+01,-7.900849693664372397e-01,2.281471718061356120e-04,5.500469662520320879e-01,1.255253183590231969e-01,5.005568924555411359e-01,6.379223254604677873e-01
1.297636548143740676e+01,1.002106200250507229e+01,1.498660712861959343e+00,1.005456424380471114e+00,1.797951723345307187e+02,3.978362611844383334e+00,6.114936436732963188e+01,-7.126805944876690724e-01,2.095094954387022735e-04,4.395581251202241857e-01,2.048598387394238718e-01,4.675356930065713845e-01,5.618188459917587974e-01
1.296465540423728768e+01,1.002117722028518898e+01,1.498535254723506904e+00,1.013065942625097637e+00,1.796931340220056939e+02,3.980229596798728675e+00,6.204285919884306821e+01,-7.390588585516365550e-01,2.160866760721044590e-04,4.778406502447329895e-01,1.778238096873187568e-01,4.795127060997301238e-01,5.901607034334011015e-01
1.296475843969985142e+01,1.002172728073623986e+01,1.498545597556274922e+00,1.011873252375750543e+00,1.797047932146739981e+02,3.979676429267724469e+00,6.399555339171381263e+01,-7.989874615314871420e-01,2.310957019321273679e-04,5.636642728673172398e-01,1.164008347983628150e-01,5.055324413832048558e-01,6.462222447777927758e-01
1.296761639033434399e+01,1.002091563794488849e+01,1.498554362410987384e+00,1.009658358153715296e+00,1.798320386567459366e+02,3.980601125790775630e+00,6.634171113699288469e+01,-8.757703490635230237e-01,2.523463914426811927e-04,6.682996695821259436e-01,3.770329909295899035e-02,5.396187841327153567e-01,7.040134588319283404e-01
1.297456130766536297e+01,1.002131288061925929e+01,1.498615371037175015e+00,1.004946263004824480e+00,1.797748866079651009e+02,3.980026733167671082e+00,6.744152965777283271e+01,-9.123471803524599855e-01,2.633806961356346672e-04,7.152872040469896442e-01,2.143926598601119619e-04,5.562017880110946555e-01,7.270743922534661507e-01
1.297482675649250083e+01,1.002135524809389722e+01,1.498587809215578659e+00,1.004819877681467410e+00,1.797913232393920850e+02,3.979025663239325272e+00,6.297314722455273284e+01,-7.673855524127858319e-01,2.223574980542157207e-04,5.175368050936757225e-01,1.487907650440869756e-01,4.905970929440665040e-01,6.172454424316221600e-01
1.296946523356985281e+01,1.002493090880312643e+01,1.498600624493447997e+00,1.008359894446906102e+00,1.798320386567459366e+02,3.978758958759124553e+00,6.513423763335116234e+01,-8.350231960166609735e-01,2.410411076590502927e-04,6.143882429922969957e-01,7.946651788908801195e-02,5.218588545053467476e-01,6.754671893244760250e-01
1.296886500793057451e+01,1.002131288061925929e+01,1.498547523110944413e+00,1.008801925164181990e+00,1.797407934348209722e+02,3.979039793574878914e+00,6.740793214366250652e+01,-9.107926161011230537e-01,2.634856893376470656e-04,7.145781011421756812e-01,1.807721324725593834e-03,5.563562183361469016e-01,7.267377661540843636e-01
1.297381795964461304e+01,1.002144169156590969e+01,1.498587581267778690e+00,1.004742085354045411e+00,1.797816697278006473e+02,3.978938361759349451e+00,7.010726737312737100e+01,-1.004404148175447986e+00,2.942368780281946045e-04,8.206915629629139008e-01,-9.413809583125244684e-02,5.991278935479155132e-01,7.737285220400694774e-01
1.297373380982645585e+01,1.002150507031660709e+01,1.498631937038005457e+00,1.005045963778685270e+00,1.797953256633694252e+02,3.979748104550569376e+00,6.832798286483210859e+01,-9.426147930709941614e-01,2.731878876036036114e-04,7.522876000487642711e-01,-3.080796934287575312e-02,5.703675412437423375e-01,7.441915550913417166e-01
1.297553757561546739e+01,1.002099854740147222e+01,1.498620939164759802e+00,1.005941728793581236e+00,1.797664990767767108e+02,3.976926451760643744e+00,6.628477227957846196e+01,-8.729127115152475191e-01,2.514877980590610553e-04,6.650929968917267399e-01,4.063219432231179873e-02,5.382981813342837540e-01,7.023810421611009769e-01
1.297305501008966466e+01,1.002179316027898182e+01,1.498610109715187599e+00,1.005112033987979103e+00,1.797827173555864988e+02,3.979699376646405273e+00,6.811428711203411979e+01,-9.351309914781554822e-01,2.708517545991808427e-04,7.435932055279028674e-01,-2.313755263942935542e-02,5.670398610772380277e-01,7.402462476000103431e-01
1.296923922275934693e+01,1.002151642995312031e+01,1.498633860153031128e+00,1.004513265209041384e+00,1.797708687078297487e+02,3.978558323279773656e+00,7.080542594328571226e+01,-1.029111568004907662e+00,3.028423012881599464e-04,8.446397091122167522e-01,-1.194616166926687761e-01,6.102976131877847488e-01,7.834904323927824876e-01
1.295554887638614971e+01,1.002564578405636198e+01,1.498620886831929955e+00,1.006318120690934848e+00,1.788104036990129657e+02,3.977638051853252144e+00,7.117660971876674125e+01,-1.038081718035398282e+00,3.087670062693824132e-04,8.575799846591376507e-01,-1.286554452265700754e-01,6.178048154866946362e-01,7.886506722962129956e-01
1.297404929912169358e+01,1.002105731217121409e+01,1.498611934611703944e+00,1.004418957251093536e+00,1.797918306682125262e+02,3.978660815865515676e+00,6.938778932907469255e+01,-9.791938409107932006e-01,2.854370110962584995e-04,7.940130930411990473e-01,-6.829914759846295036e-02,5.873627393993736678e-01,7.625124456984989640e-01
1.296343485736497492e+01,1.002271139584279425e+01,1.498653960797842188e+00,1.005300649903875021e+00,1.797407934348209722e+02,3.979494391474921677e+00,7.094956034045618765e+01,-1.034151418458537419e+00,3.048909823274669178e-04,8.497239099897551107e-01,-1.246271402067323925e-01,6.129099842320596681e-01,7.855272446508948514e-01
1.297273188961097290e+01,1.002219115911775660e+01,1.498481505667615066e+00,1.005933463338193778e+00,1.797362421764674707e+02,3.978347994855467640e+00,7.357720730451123359e+01,-1.128870345920986784e+00,3.384214588721118485e-04,9.186440716020217723e-01,-2.217079666193049470e-01,6.533380912200297264e-01,8.119956206076397454e-01
1.296928129766842908e+01,1.002148474057777072e+01,1.498611682267917633e+00,1.004361325996721677e+00,1.797640407400453739e+02,3.977638051853252144e+00,7.169506819743334347e+01,-1.060726966804284688e+00,3.140625949626678261e-04,8.722937915319982638e-01,-1.518653729960050269e-01,6.243939345768355631e-01,7.944243790598571886e-01
1.297273188961097290e+01,1.002106276955384878e+01,1.498644416794757239e+00,1.005560819527131278e+00,1.744184291039066466e+02,3.979125727260321543e+00,7.421142928759526569e+01,-1.134790498594594021e+00,3.478258031841413860e-04,9.271092270479733832e-01,-2.277757434558855265e-01,6.639586404315717116e-01,8.151087555234474147e-01
1.297351585504820903e+01,1.002146137008944748e+01,1.498693373257137029e+00,1.541098214917756337e+00,1.798010984124034906e+02,3.978345545335251199e+00,7.544367214629255614e+01,-1.199954862634619701e+00,4.452329457167778339e-04,9.810883048800486117e-01,-2.945650376670493342e-01,7.596242072630242648e-01,8.343154057168462590e-01
