1.270418918009029774e+01,1.237091173430869162e+01,7.020979720690120329e-01,1.431953302603988343e+00,1.695193407205252640e+02,2.486861192400392273e+00,6.012523751427232099e+01
1.218713687907182575e+01,1.252731096121128118e+01,7.021558220812784690e-01,1.449008256872093892e+00,1.537667181916782511e+02,2.486861192400392273e+00,6.010133395667596545e+01
1.243765802314312729e+01,1.263177753591397234e+01,7.022828480745996194e-01,1.276327629946562014e+00,1.503642196093386758e+02,2.350009856032924116e+00,6.010133395667596545e+01
1.268877628657206991e+01,1.263177753591397234e+01,7.021480661235568466e-01,1.153069339129541904e+00,1.436150387140258147e+02,2.350009856032924116e+00,6.010133395667596545e+01
1.268877628657206991e+01,1.263177753591397234e+01,7.021480661235568466e-01,1.153069339129541904e+00,1.436150387140258147e+02,2.232180753920943950e+00,6.010133395667596545e+01
9.798778242909044423e+00,1.000400916059794554e+01,7.060764063636693066e-01,1.488998489225396904e+00,1.796841001841204672e+02,3.977097529851663982e+00,6.012687846790695545e+01
8.751621813713745368e+00,1.000399909884973582e+01,7.139402159743454268e-01,1.418333493216169527e+00,1.786617538197305066e+02,3.972297398654947020e+00,6.011443126177176310e+01
8.677134322363716734e+00,1.000529834310464850e+01,7.334041855691720846e-01,1.583821835178297555e+00,1.792573159167453980e+02,3.975063443189873258e+00,6.012047851073315030e+01
9.372086515129595341e+00,1.000563435872655837e+01,7.277600883851729208e-01,1.455015291491517981e+00,1.788497955284384773e+02,3.973563020275923119e+00,6.020622582435902359e+01
8.601242760091590611e+00,1.038694392640148578e+01,7.043453638970432751e-01,1.353570080215794613e+00,1.797107173319255651e+02,3.823093758248644392e+00,6.040522780644366918e+01
1.148112792635494550e+01,1.086109880841205744e+01,7.022947172581601727e-01,1.270020795710667505e+00,1.795666659251184001e+02,3.957608275861439928e+00,6.045524366197638244e+01
9.005239334551756514e+00,1.497880285318291094e+01,7.020132841725140738e-01,1.153069339129541904e+00,1.798464369437297989e+02,3.977977203581485544e+00,6.039973020842906237e+01
1.164207382051968054e+01,1.000922890235231044e+01,8.320726071189886719e-01,1.393791352089352786e+00,1.793703988217572771e+02,3.972943756335332921e+00,6.026829314063152054e+01
1.249424847213572853e+01,1.001811576465046905e+01,7.021629690414482594e-01,1.210621807121613935e+00,1.768215517260133538e+02,3.977977203581485544e+00,6.076414740660586489e+01
8.562095176333325952e+00,1.000613219751094363e+01,8.557516674415442948e-01,1.477776509270352978e+00,1.796254401366996660e+02,3.979980645299400432e+00,6.013239019530829665e+01
1.297529277351733690e+01,1.000607755335894034e+01,9.100092763136823359e-01,1.363759682235079707e+00,1.797495914322536237e+02,3.975601081847305096e+00,6.011801798797810648e+01
1.215927509456960998e+01,1.000786259503451348e+01,9.499123000122151605e-01,1.519191134030592805e+00,1.797596862316991633e+02,3.977798961271250988e+00,6.011310131114989019e+01
1.166482814358551323e+01,1.004845483878695767e+01,7.670713056942903840e-01,1.252074009200684790e+00,1.791059194716809486e+02,3.967817173186677593e+00,7.267875038069517757e+01
1.180184470804556263e+01,1.001951123439276969e+01,7.076180108267702273e-01,1.343840730139050921e+00,1.785548574820953718e+02,3.964774217301219927e+00,7.489391726340384992e+01
1.060643858133605733e+01,1.005094563096109361e+01,7.071306018754421885e-01,1.382200011596287137e+00,1.794753796663806042e+02,3.965592898949496625e+00,6.916508115304647220e+01
8.258443294763511133e+00,1.000037976315912047e+01,7.043650089525227420e-01,1.031799978374909443e+00,1.768084585579467785e+02,3.973309130249936594e+00,6.722717019656481341e+01
9.209130819050256989e+00,1.000147433532261765e+01,1.026708157834260282e+00,1.300914015597081974e+00,1.798210634077766201e+02,3.938126517885887967e+00,6.638743470492140375e+01
1.219665121136291397e+01,1.003046358904924240e+01,7.055467609266342643e-01,1.343840730139050921e+00,1.785548574820953718e+02,3.970147687968936356e+00,7.512629883197212166e+01
1.291376974372701447e+01,1.001248209292740476e+01,1.265393307728455152e+00,1.518881706967022405e+00,1.795625384791301258e+02,3.974463756075051091e+00,6.010884018647919191e+01
9.173951030802982132e+00,1.000399778632649017e+01,1.358160742172738411e+00,1.598934607590482893e+00,1.794965913550490484e+02,3.967737842142313287e+00,6.014443662061244567e+01
1.204253135115089002e+01,1.006456328914978116e+01,1.007785064744647796e+00,1.864636261515826954e+00,1.331349197913162072e+02,2.186058863103931937e+00,7.495002070868557098e+01
1.112960578711648552e+01,1.001087948140435024e+01,1.431650488769163232e+00,1.631071880269074459e+00,1.798348151011049652e+02,3.939970646800923681e+00,6.017230002456396676e+01
1.266147248163372119e+01,1.003129446875735198e+01,1.202372140971796677e+00,1.459130325409371931e+00,1.794069312999504291e+02,3.939834453462162323e+00,7.459787002142314805e+01
9.696108769192035126e+00,1.350561275185376253e+01,1.498543362046960592e+00,1.724151999564790483e+00,1.330695522706212159e+02,2.205068408411622105e+00,7.538576837265622999e+01
9.153805983116161116e+00,1.001207160448021938e+01,1.402502913439132026e+00,1.548917897169100000e+00,1.795483438219953030e+02,3.969337817466727092e+00,6.010422102199206762e+01
1.135371245325943512e+01,1.000678876123416394e+01,1.480121028531731220e+00,1.604075870733691733e+00,1.795394969619102596e+02,3.936205258983408672e+00,6.017359610754185439e+01
1.031749617865792423e+01,1.247118618397769829e+01,1.495801777754031336e+00,1.571277224198791345e+00,1.557140932043197665e+02,3.011187642231912598e+00,7.527766352429470942e+01
1.273915344939243433e+01,1.000359954157338827e+01,1.499334878943547666e+00,1.648024078102808598e+00,1.795168410068328342e+02,3.957154988804022722e+00,6.078781105797674655e+01
8.772812470081223779e+00,1.251823386888993817e+01,1.496917879666626483e+00,1.648846234473722694e+00,1.611237447971426491e+02,3.940880052199135619e+00,7.538883374250917768e+01
1.266979187675264029e+01,1.001327569803851247e+01,1.495682331993141378e+00,1.581579083221667625e+00,1.789182358040833947e+02,3.955996985254330411e+00,6.827084526365555917e+01
9.529287222489807974e+00,1.084833700879632445e+01,1.496028738796782775e+00,1.478424985677289971e+00,1.690101412251837303e+02,3.966584033774640083e+00,7.526249711704957690e+01
1.244462133706829299e+01,1.001333371347821277e+01,1.493494497937685406e+00,1.550449630112780364e+00,1.791515446490265333e+02,3.940549394700598729e+00,6.909885755092271609e+01
8.502963649169144489e+00,1.070394899681997991e+01,1.495627356226632454e+00,1.476701448463335620e+00,1.695761487163016739e+02,3.966584033774640083e+00,7.526273898744669566e+01
1.202943716728755064e+01,1.001219300930892153e+01,1.493984411659467160e+00,1.542396868773359797e+00,1.768408703273890126e+02,3.951153278554899284e+00,7.259444160722263462e+01
8.107949859200289211e+00,1.001219300930892153e+01,1.496028738796782775e+00,1.498504810638141116e+00,1.782528385117338416e+02,3.923235192568009122e+00,7.526249711704957690e+01
